[
    { "question": "How many leaves are employees entitled to?", "answer": "You are entitled to 15 leaves per year." },
    { "question": "What is the total number of leave days provided to employees?", "answer": "You are entitled to 15 leaves per year." },
    { "question": "How many days off are employees allowed?", "answer": "You are entitled to 15 leaves per year." },
    { "question": "How many leave days do employees receive?", "answer": "You are entitled to 15 leaves per year." },

    { "question": "What are the break timings during the day?", "answer": "Break time is scheduled from 2:00 PM to 3:00 PM." },
    { "question": "When do employees have their lunch or rest intervals?", "answer": "Break time is scheduled from 2:00 PM to 3:00 PM." },
    { "question": "What are the intervals for meals and short breaks?", "answer": "Break time is scheduled from 2:00 PM to 3:00 PM." },

    { "question": "What does this feature on Slack mean?", "answer": "Please provide more context or ask your Team Leader for specific Slack feature guidance." },
    
    { "question": "What are the official office working hours?", "answer": "Our office hours are from 9:00 AM to 6:00 PM." },
    { "question": "What are the monthly holiday policies?", "answer": "The last Saturday of each month is a holiday." },
    { "question": "Are national holidays observed?", "answer": "Yes, all national holidays are mandatory off." },
    { "question": "What is the current work model?", "answer": "We follow a hybrid work model." },
    { "question": "Where can I find the holiday calendar?", "answer": "You can find it on the 'Pause' Slack channel. We provide 7 CL, 7 SL, and 3.5 EL." },
    { "question": "What communication platform does the company use?", "answer": "Slack is our primary communication platform." },
    { "question": "Where are project updates tracked?", "answer": "Project updates are maintained on Handsoft." },
    { "question": "How are client meetings conducted?", "answer": "Client meetings are scheduled on Google Meet." },
    { "question": "Where is the codebase hosted?", "answer": "We use Bitbucket and GitHub for code hosting." },
    { "question": "When are salaries credited?", "answer": "Salaries are processed between the 5th and 15th of each month." },
    { "question": "Who approves leaves?", "answer": "Leaves should be communicated with your Team Leader or Shalini Ma'am. You can also submit a request via 'Pause' on Slack." },
    { "question": "Are interns eligible for leaves?", "answer": "Interns are eligible only for public or critical holidays." },
    { "question": "Who is the Slack admin?", "answer": "Shalini Ma'am is the Slack admin." },
    { "question": "Who is the Slack workspace owner?", "answer": "Saket Sir is the Slack owner." },
    { "question": "Who can approve access or company requests?", "answer": "Approvals are handled by Shalini Ma'am or Saket Sir." },
    { "question": "What should I do if I'm stuck on a task?", "answer": "You should reach out to your Team Leader or Vipin Sir for guidance." },
    { "question": "Who can I reach out to for feedback or general discussion?", "answer": "You may reach out to Saket Sir or Shalini Ma'am." },
    { "question": "Who provides access to projects?", "answer": "Project access is given by Vipin Sir or Saket Sir." },
    { "question": "What are the office policies?", "answer": "All employees are expected to adhere to the office policies." },
    { "question": "What happens in case of a policy breach?", "answer": "Policy breaches may lead to disciplinary action, including termination." },
    { "question": "What benefits are available to employees?", "answer": "Benefits such as yoga and gym are provided based on your tenure." },
    { "question": "Are there any special benefits for female employees?", "answer": "Yes, maternity leave and other benefits are available for female employees." },
    { "question": "Is training material available?", "answer": "Yes, training material is provided as and when required." },
    { "question": "What is expected in terms of working extra hours?", "answer": "You may occasionally be expected to work outside office hours or during holidays, especially for overseas clients." },
    { "question": "Can I request to work on a specific tech stack?", "answer": "Yes, you can share your interest in a particular tech stack with your Team Lead." }
  ]
  